image,roi,ground_truth,prediction,otsu_T,px_global,px_otsu,px_adaptive,otsu_ratio,bbox_w,bbox_h,n_components
blurred,dekan,SIGNATURE PRESENT,SIGNATURE PRESENT,212,41,2812,3102,0.1428,147,81,2
blurred,rektor,SIGNATURE PRESENT,SIGNATURE PRESENT,212,0,1285,1313,0.084,186,37,1
colorshift,dekan,SIGNATURE PRESENT,SIGNATURE PRESENT,203,95,2877,3092,0.1461,147,82,3
colorshift,rektor,SIGNATURE PRESENT,SIGNATURE PRESENT,203,0,1290,1291,0.0843,186,38,1
combined,dekan,SIGNATURE PRESENT,SIGNATURE PRESENT,165,294,2782,2885,0.1413,147,82,2
combined,rektor,SIGNATURE PRESENT,SIGNATURE PRESENT,165,125,1318,1229,0.0861,186,37,1
faded,dekan,SIGNATURE PRESENT,SIGNATURE PRESENT,141,1005,2916,2183,0.1481,147,79,5
faded,rektor,SIGNATURE PRESENT,SIGNATURE PRESENT,141,367,1293,1125,0.0845,186,37,1
highnoise,dekan,SIGNATURE PRESENT,SIGNATURE PRESENT,203,93,2632,3022,0.1337,147,80,2
highnoise,rektor,SIGNATURE PRESENT,SIGNATURE PRESENT,203,0,1218,1230,0.0796,186,38,1
highquality,dekan,SIGNATURE PRESENT,SIGNATURE PRESENT,206,113,3037,3330,0.1543,147,81,2
highquality,rektor,SIGNATURE PRESENT,SIGNATURE PRESENT,206,52,1372,1372,0.0897,186,38,1
jpeg,dekan,SIGNATURE PRESENT,SIGNATURE PRESENT,210,83,2889,3136,0.1467,147,82,2
jpeg,rektor,SIGNATURE PRESENT,SIGNATURE PRESENT,209,0,1276,1322,0.0834,186,37,1
lowcontrast,dekan,SIGNATURE PRESENT,SIGNATURE PRESENT,222,0,2830,2546,0.1437,147,78,2
lowcontrast,rektor,SIGNATURE PRESENT,SIGNATURE PRESENT,222,0,1354,1224,0.0885,186,38,1
lowres,dekan,SIGNATURE PRESENT,SIGNATURE PRESENT,211,86,2917,3137,0.1482,147,81,2
lowres,rektor,SIGNATURE PRESENT,SIGNATURE PRESENT,211,0,1303,1307,0.0852,186,38,1
blurred_nosig,dekan,SIGNATURE ABSENT,SIGNATURE ABSENT,247,0,0,0,0.0,0,0,0
blurred_nosig,rektor,SIGNATURE ABSENT,SIGNATURE ABSENT,247,0,0,0,0.0,0,0,0
colorshift_nosig,dekan,SIGNATURE ABSENT,SIGNATURE ABSENT,238,0,0,0,0.0,0,0,0
colorshift_nosig,rektor,SIGNATURE ABSENT,SIGNATURE ABSENT,238,0,0,0,0.0,0,0,0
combined_nosig,dekan,SIGNATURE ABSENT,SIGNATURE ABSENT,189,0,0,0,0.0,0,0,0
combined_nosig,rektor,SIGNATURE ABSENT,SIGNATURE ABSENT,189,0,0,0,0.0,0,0,0
faded_nosig,dekan,SIGNATURE ABSENT,SIGNATURE ABSENT,157,0,0,0,0.0,0,0,0
faded_nosig,rektor,SIGNATURE ABSENT,SIGNATURE ABSENT,157,0,0,0,0.0,0,0,0
highnoise_nosig,dekan,SIGNATURE ABSENT,SIGNATURE ABSENT,238,0,0,0,0.0,0,0,0
highnoise_nosig,rektor,SIGNATURE ABSENT,SIGNATURE ABSENT,238,0,0,0,0.0,0,0,0
highquality_nosig,dekan,SIGNATURE ABSENT,SIGNATURE ABSENT,245,0,0,0,0.0,0,0,0
highquality_nosig,rektor,SIGNATURE ABSENT,SIGNATURE ABSENT,245,0,0,0,0.0,0,0,0
jpeg_nosig,dekan,SIGNATURE ABSENT,SIGNATURE ABSENT,246,0,0,0,0.0,0,0,0
jpeg_nosig,rektor,SIGNATURE ABSENT,SIGNATURE ABSENT,246,0,0,0,0.0,0,0,0
lowcontrast_nosig,dekan,SIGNATURE ABSENT,SIGNATURE ABSENT,243,0,0,0,0.0,0,0,0
lowcontrast_nosig,rektor,SIGNATURE ABSENT,SIGNATURE ABSENT,243,0,0,0,0.0,0,0,0
lowres_nosig,dekan,SIGNATURE ABSENT,SIGNATURE ABSENT,247,0,0,0,0.0,0,0,0
lowres_nosig,rektor,SIGNATURE ABSENT,SIGNATURE ABSENT,247,0,0,0,0.0,0,0,0
